-- phpMyAdmin SQL Dump
-- version 4.4.12
-- http://www.phpmyadmin.net
--
-- Host: localhost
-- Generation Time: Aug 02, 2015 at 02:38 PM
-- Server version: 10.0.20-MariaDB-log
-- PHP Version: 5.6.11

SET SQL_MODE = "NO_AUTO_VALUE_ON_ZERO";
SET time_zone = "+00:00";


/*!40101 SET @OLD_CHARACTER_SET_CLIENT=@@CHARACTER_SET_CLIENT */;
/*!40101 SET @OLD_CHARACTER_SET_RESULTS=@@CHARACTER_SET_RESULTS */;
/*!40101 SET @OLD_COLLATION_CONNECTION=@@COLLATION_CONNECTION */;
/*!40101 SET NAMES utf8mb4 */;

--
-- Database: `ciapp`
--

-- --------------------------------------------------------

--
-- Table structure for table `ci_sessions`
--

CREATE TABLE IF NOT EXISTS `ci_sessions` (
  `id` varchar(40) NOT NULL,
  `ip_address` varchar(45) NOT NULL,
  `timestamp` int(10) unsigned NOT NULL DEFAULT '0',
  `data` blob NOT NULL
) ENGINE=InnoDB DEFAULT CHARSET=utf8;

--
-- Dumping data for table `ci_sessions`
--

INSERT INTO `ci_sessions` (`id`, `ip_address`, `timestamp`, `data`) VALUES
('00250b67aa6f4de6be09e61d6959b5f0552308bf', '::1', 1438451986, 0x5f5f63695f6c6173745f726567656e65726174657c693a313433383435313638363b6964656e746974797c733a31333a2261646d696e6973747261746f72223b757365726e616d657c733a31333a2261646d696e6973747261746f72223b656d61696c7c733a31353a2261646d696e4061646d696e2e636f6d223b757365725f69647c733a313a2231223b6f6c645f6c6173745f6c6f67696e7c733a31303a2231343338343334383233223b),
('018e7b0bcc8ed021140c2200722728aeb5a83c71', '::1', 1438457229, 0x5f5f63695f6c6173745f726567656e65726174657c693a313433383435363938363b6964656e746974797c733a31333a2261646d696e6973747261746f72223b757365726e616d657c733a31333a2261646d696e6973747261746f72223b656d61696c7c733a31353a2261646d696e4061646d696e2e636f6d223b757365725f69647c733a313a2231223b6f6c645f6c6173745f6c6f67696e7c733a31303a2231343338343437363837223b),
('01a02ddbe2a49943db23fc2dbe26b9fa91448b79', '::1', 1438068942, 0x5f5f63695f6c6173745f726567656e65726174657c693a313433383036383636393b6964656e746974797c733a31393a226a736f75726176303140676d61696c2e636f6d223b757365726e616d657c733a31363a2243422e454e2e55344353453133313537223b656d61696c7c733a31393a226a736f75726176303140676d61696c2e636f6d223b757365725f69647c733a313a2232223b6f6c645f6c6173745f6c6f67696e7c733a31303a2231343338303637393730223b),
('04427519d93e80a482437d74845b2041ea68369b', '::1', 1438437412, 0x5f5f63695f6c6173745f726567656e65726174657c693a313433383433373131373b6964656e746974797c733a31333a2261646d696e6973747261746f72223b757365726e616d657c733a31333a2261646d696e6973747261746f72223b656d61696c7c733a31353a2261646d696e4061646d696e2e636f6d223b757365725f69647c733a313a2231223b6f6c645f6c6173745f6c6f67696e7c733a31303a2231343338343232383435223b6d6573736167657c733a34383a224572726f72206372656174696e67207265706f7369746f72792e436f6e746163742074686520776562206d6173746572223b5f5f63695f766172737c613a313a7b733a373a226d657373616765223b733a333a226f6c64223b7d),
('0552cdf3e9da186e8a6c63f9dfc5d30992a08d1e', '::1', 1438448641, 0x5f5f63695f6c6173745f726567656e65726174657c693a313433383434383634313b6964656e746974797c733a31333a2261646d696e6973747261746f72223b757365726e616d657c733a31333a2261646d696e6973747261746f72223b656d61696c7c733a31353a2261646d696e4061646d696e2e636f6d223b757365725f69647c733a313a2231223b6f6c645f6c6173745f6c6f67696e7c733a31303a2231343338343334383233223b),
('0944715445c5b0e01907b036e0e4bf86eab3f538', '::1', 1438453549, 0x5f5f63695f6c6173745f726567656e65726174657c693a313433383435333239333b6964656e746974797c733a31333a2261646d696e6973747261746f72223b757365726e616d657c733a31333a2261646d696e6973747261746f72223b656d61696c7c733a31353a2261646d696e4061646d696e2e636f6d223b757365725f69647c733a313a2231223b6f6c645f6c6173745f6c6f67696e7c733a31303a2231343338343334383233223b),
('0a2c27cbcfafdf2b8bdfad7c0b54d106aeb0c8b0', '::1', 1438453610, 0x5f5f63695f6c6173745f726567656e65726174657c693a313433383435333539343b6964656e746974797c733a31333a2261646d696e6973747261746f72223b757365726e616d657c733a31333a2261646d696e6973747261746f72223b656d61696c7c733a31353a2261646d696e4061646d696e2e636f6d223b757365725f69647c733a313a2231223b6f6c645f6c6173745f6c6f67696e7c733a31303a2231343338343334383233223b),
('0dda467d2c16d48566840a381312295f88ac0947', '::1', 1438070727, 0x5f5f63695f6c6173745f726567656e65726174657c693a313433383037303531353b6964656e746974797c733a31393a226a736f75726176303140676d61696c2e636f6d223b757365726e616d657c733a31363a2243422e454e2e55344353453133313537223b656d61696c7c733a31393a226a736f75726176303140676d61696c2e636f6d223b757365725f69647c733a313a2232223b6f6c645f6c6173745f6c6f67696e7c733a31303a2231343338303637393730223b),
('123f19211221db86f8f9ebffa5279bfeed3cb1d3', '::1', 1438447906, 0x5f5f63695f6c6173745f726567656e65726174657c693a313433383434373638353b6964656e746974797c733a31333a2261646d696e6973747261746f72223b757365726e616d657c733a31333a2261646d696e6973747261746f72223b656d61696c7c733a31353a2261646d696e4061646d696e2e636f6d223b757365725f69647c733a313a2231223b6f6c645f6c6173745f6c6f67696e7c733a31303a2231343338343334383233223b),
('171b688c694542eb89839828c2832a7e36f1ffc8', '::1', 1438410982, 0x5f5f63695f6c6173745f726567656e65726174657c693a313433383431303638343b6964656e746974797c733a31333a2261646d696e6973747261746f72223b757365726e616d657c733a31333a2261646d696e6973747261746f72223b656d61696c7c733a31353a2261646d696e4061646d696e2e636f6d223b757365725f69647c733a313a2231223b6f6c645f6c6173745f6c6f67696e7c733a31303a2231343338313036313330223b),
('18ba9014f0d0a5ea23fbdf7c02fb81fcca599220', '::1', 1438075144, 0x5f5f63695f6c6173745f726567656e65726174657c693a313433383037353134343b),
('18eae709fef991ea36406c20b7f953a4a66e48be', '::1', 1438425463, 0x5f5f63695f6c6173745f726567656e65726174657c693a313433383432353236333b6964656e746974797c733a31333a2261646d696e6973747261746f72223b757365726e616d657c733a31333a2261646d696e6973747261746f72223b656d61696c7c733a31353a2261646d696e4061646d696e2e636f6d223b757365725f69647c733a313a2231223b6f6c645f6c6173745f6c6f67696e7c733a31303a2231343338343130393338223b),
('1f80eff5e9c39978d093b6c5e7d35e96afd59273', '::1', 1438074316, 0x5f5f63695f6c6173745f726567656e65726174657c693a313433383037343331363b),
('27b86af1f9710bbf953ee02f773be551fe753189', '::1', 1438425095, 0x5f5f63695f6c6173745f726567656e65726174657c693a313433383432343830393b6964656e746974797c733a31333a2261646d696e6973747261746f72223b757365726e616d657c733a31333a2261646d696e6973747261746f72223b656d61696c7c733a31353a2261646d696e4061646d696e2e636f6d223b757365725f69647c733a313a2231223b6f6c645f6c6173745f6c6f67696e7c733a31303a2231343338343130393338223b6d6573736167657c733a33353a223c703e4163636f756e74205375636365737366756c6c7920437265617465643c2f703e223b5f5f63695f766172737c613a313a7b733a373a226d657373616765223b733a333a226f6c64223b7d),
('325b544d371b0da2f3558a5f9afd00dc10602bc8', '::1', 1438068651, 0x5f5f63695f6c6173745f726567656e65726174657c693a313433383036383335333b6964656e746974797c733a31393a226a736f75726176303140676d61696c2e636f6d223b757365726e616d657c733a31363a2243422e454e2e55344353453133313537223b656d61696c7c733a31393a226a736f75726176303140676d61696c2e636f6d223b757365725f69647c733a313a2232223b6f6c645f6c6173745f6c6f67696e7c733a31303a2231343338303637393730223b),
('34cf154945c8eb8dc9fb3a791cd3c96a3e9a62c4', '::1', 1438423491, 0x5f5f63695f6c6173745f726567656e65726174657c693a313433383432333238383b6964656e746974797c733a31333a2261646d696e6973747261746f72223b757365726e616d657c733a31333a2261646d696e6973747261746f72223b656d61696c7c733a31353a2261646d696e4061646d696e2e636f6d223b757365725f69647c733a313a2231223b6f6c645f6c6173745f6c6f67696e7c733a31303a2231343338343130393338223b),
('357b74c1cf2be18f7fb8e8bc5219a1e5e37cd79f', '::1', 1438435850, 0x5f5f63695f6c6173745f726567656e65726174657c693a313433383433353634363b6964656e746974797c733a31333a2261646d696e6973747261746f72223b757365726e616d657c733a31333a2261646d696e6973747261746f72223b656d61696c7c733a31353a2261646d696e4061646d696e2e636f6d223b757365725f69647c733a313a2231223b6f6c645f6c6173745f6c6f67696e7c733a31303a2231343338343232383435223b),
('358df7e60dc76a35ea1eca6296c3637005d20bb5', '::1', 1438459720, 0x5f5f63695f6c6173745f726567656e65726174657c693a313433383435393531343b6964656e746974797c733a31333a2261646d696e6973747261746f72223b757365726e616d657c733a31333a2261646d696e6973747261746f72223b656d61696c7c733a31353a2261646d696e4061646d696e2e636f6d223b757365725f69647c733a313a2231223b6f6c645f6c6173745f6c6f67696e7c733a31303a2231343338343535303337223b),
('49408bfd004f4ac4719993f9b7bb6047bac2eaa4', '::1', 1438073567, 0x5f5f63695f6c6173745f726567656e65726174657c693a313433383037333239343b6964656e746974797c733a31393a226a736f75726176303140676d61696c2e636f6d223b757365726e616d657c733a31363a2243422e454e2e55344353453133313537223b656d61696c7c733a31393a226a736f75726176303140676d61696c2e636f6d223b757365725f69647c733a313a2232223b6f6c645f6c6173745f6c6f67696e7c733a31303a2231343338303732363336223b),
('49450d7e63abdb2fe5c937d0eb89099b53d80891', '::1', 1438452957, 0x5f5f63695f6c6173745f726567656e65726174657c693a313433383435323638353b6964656e746974797c733a31333a2261646d696e6973747261746f72223b757365726e616d657c733a31333a2261646d696e6973747261746f72223b656d61696c7c733a31353a2261646d696e4061646d696e2e636f6d223b757365725f69647c733a313a2231223b6f6c645f6c6173745f6c6f67696e7c733a31303a2231343338343334383233223b),
('51323d9f0115ae701fa17bd920446892e530a0dd', '::1', 1438455634, 0x5f5f63695f6c6173745f726567656e65726174657c693a313433383435353633343b6964656e746974797c733a31333a2261646d696e6973747261746f72223b757365726e616d657c733a31333a2261646d696e6973747261746f72223b656d61696c7c733a31353a2261646d696e4061646d696e2e636f6d223b757365725f69647c733a313a2231223b6f6c645f6c6173745f6c6f67696e7c733a31303a2231343338343437363837223b),
('534c864c81839f5e7e94c3bf4694a4feb387b98f', '::1', 1438452296, 0x5f5f63695f6c6173745f726567656e65726174657c693a313433383435313939363b6964656e746974797c733a31333a2261646d696e6973747261746f72223b757365726e616d657c733a31333a2261646d696e6973747261746f72223b656d61696c7c733a31353a2261646d696e4061646d696e2e636f6d223b757365725f69647c733a313a2231223b6f6c645f6c6173745f6c6f67696e7c733a31303a2231343338343334383233223b),
('55d7f77bdd00564aa68ae6790e792bdcd4965dde', '::1', 1438448015, 0x5f5f63695f6c6173745f726567656e65726174657c693a313433383434373939313b6964656e746974797c733a31333a2261646d696e6973747261746f72223b757365726e616d657c733a31333a2261646d696e6973747261746f72223b656d61696c7c733a31353a2261646d696e4061646d696e2e636f6d223b757365725f69647c733a313a2231223b6f6c645f6c6173745f6c6f67696e7c733a31303a2231343338343334383233223b6d6573736167657c733a33353a223c703e4163636f756e74205375636365737366756c6c7920437265617465643c2f703e223b5f5f63695f766172737c613a313a7b733a373a226d657373616765223b733a333a226f6c64223b7d),
('578a09298da366d0a6f67f8ac165269d8c2f8530', '::1', 1438452372, 0x5f5f63695f6c6173745f726567656e65726174657c693a313433383435323331373b6964656e746974797c733a31333a2261646d696e6973747261746f72223b757365726e616d657c733a31333a2261646d696e6973747261746f72223b656d61696c7c733a31353a2261646d696e4061646d696e2e636f6d223b757365725f69647c733a313a2231223b6f6c645f6c6173745f6c6f67696e7c733a31303a2231343338343334383233223b),
('5f1c67efa537dd28929d5b4581f174b77e7e27c0', '::1', 1438456798, 0x5f5f63695f6c6173745f726567656e65726174657c693a313433383435363531303b6964656e746974797c733a31333a2261646d696e6973747261746f72223b757365726e616d657c733a31333a2261646d696e6973747261746f72223b656d61696c7c733a31353a2261646d696e4061646d696e2e636f6d223b757365725f69647c733a313a2231223b6f6c645f6c6173745f6c6f67696e7c733a31303a2231343338343437363837223b),
('61d8df5eaeddf0318689c59a0a1fbe72ce5c7b40', '::1', 1438449764, 0x5f5f63695f6c6173745f726567656e65726174657c693a313433383434393638343b6964656e746974797c733a31333a2261646d696e6973747261746f72223b757365726e616d657c733a31333a2261646d696e6973747261746f72223b656d61696c7c733a31353a2261646d696e4061646d696e2e636f6d223b757365725f69647c733a313a2231223b6f6c645f6c6173745f6c6f67696e7c733a31303a2231343338343334383233223b),
('654d5baf3bb994ec4123eefda1b91d4fc2a1eafb', '::1', 1438071998, 0x5f5f63695f6c6173745f726567656e65726174657c693a313433383037313935373b6964656e746974797c733a31393a226a736f75726176303140676d61696c2e636f6d223b757365726e616d657c733a31363a2243422e454e2e55344353453133313537223b656d61696c7c733a31393a226a736f75726176303140676d61696c2e636f6d223b757365725f69647c733a313a2232223b6f6c645f6c6173745f6c6f67696e7c733a31303a2231343338303731353732223b),
('6943f654eded25ff4bf344318ec12e3441c45df6', '::1', 1438435076, 0x5f5f63695f6c6173745f726567656e65726174657c693a313433383433343832303b6964656e746974797c733a31333a2261646d696e6973747261746f72223b757365726e616d657c733a31333a2261646d696e6973747261746f72223b656d61696c7c733a31353a2261646d696e4061646d696e2e636f6d223b757365725f69647c733a313a2231223b6f6c645f6c6173745f6c6f67696e7c733a31303a2231343338343232383435223b),
('6d4aaed70a9d1875a54deda8142a387882a80ca0', '::1', 1438454781, 0x5f5f63695f6c6173745f726567656e65726174657c693a313433383435343539343b6964656e746974797c733a31333a2261646d696e6973747261746f72223b757365726e616d657c733a31333a2261646d696e6973747261746f72223b656d61696c7c733a31353a2261646d696e4061646d696e2e636f6d223b757365725f69647c733a313a2231223b6f6c645f6c6173745f6c6f67696e7c733a31303a2231343338343334383233223b),
('7001435a71870a1cb988a465a7ae01b08fb9ee9b', '::1', 1438073069, 0x5f5f63695f6c6173745f726567656e65726174657c693a313433383037323937313b),
('74fb09c6257de363399aaf8099d0145a99dfab2c', '::1', 1438072944, 0x5f5f63695f6c6173745f726567656e65726174657c693a313433383037323635313b),
('790c64c1a65f5b9276270482d3930801349b9ca8', '::1', 1438457408, 0x5f5f63695f6c6173745f726567656e65726174657c693a313433383435373430383b6964656e746974797c733a31333a2261646d696e6973747261746f72223b757365726e616d657c733a31333a2261646d696e6973747261746f72223b656d61696c7c733a31353a2261646d696e4061646d696e2e636f6d223b757365725f69647c733a313a2231223b6f6c645f6c6173745f6c6f67696e7c733a31303a2231343338343437363837223b),
('84e5aa4dd50eeea78f98bae16bf76a08d12e70e7', '::1', 1438451596, 0x5f5f63695f6c6173745f726567656e65726174657c693a313433383435313338353b6964656e746974797c733a31333a2261646d696e6973747261746f72223b757365726e616d657c733a31333a2261646d696e6973747261746f72223b656d61696c7c733a31353a2261646d696e4061646d696e2e636f6d223b757365725f69647c733a313a2231223b6f6c645f6c6173745f6c6f67696e7c733a31303a2231343338343334383233223b),
('8e00d1e880bbe813f2236ec927dee0159b18519d', '::1', 1438425620, 0x5f5f63695f6c6173745f726567656e65726174657c693a313433383432353632303b6964656e746974797c733a31333a2261646d696e6973747261746f72223b757365726e616d657c733a31333a2261646d696e6973747261746f72223b656d61696c7c733a31353a2261646d696e4061646d696e2e636f6d223b757365725f69647c733a313a2231223b6f6c645f6c6173745f6c6f67696e7c733a31303a2231343338343130393338223b),
('911bb8297352779c154c95f4c5b3af3e44179024', '::1', 1438071581, 0x5f5f63695f6c6173745f726567656e65726174657c693a313433383037313538313b),
('98a289c328716e8503eb8f31b7fef52d7e686d66', '::1', 1438436229, 0x5f5f63695f6c6173745f726567656e65726174657c693a313433383433353938303b6964656e746974797c733a31333a2261646d696e6973747261746f72223b757365726e616d657c733a31333a2261646d696e6973747261746f72223b656d61696c7c733a31353a2261646d696e4061646d696e2e636f6d223b757365725f69647c733a313a2231223b6f6c645f6c6173745f6c6f67696e7c733a31303a2231343338343232383435223b6d6573736167657c733a34383a224572726f72206372656174696e67207265706f7369746f72792e436f6e746163742074686520776562206d6173746572223b5f5f63695f766172737c613a313a7b733a373a226d657373616765223b733a333a226f6c64223b7d),
('a89912df828344d853de7e55e35633321cccf2f1', '::1', 1438070868, 0x5f5f63695f6c6173745f726567656e65726174657c693a313433383037303836383b),
('b048bcee65384f2bde1ea40a1b2959a17890a917', '::1', 1438450941, 0x5f5f63695f6c6173745f726567656e65726174657c693a313433383435303830353b6964656e746974797c733a31333a2261646d696e6973747261746f72223b757365726e616d657c733a31333a2261646d696e6973747261746f72223b656d61696c7c733a31353a2261646d696e4061646d696e2e636f6d223b757365725f69647c733a313a2231223b6f6c645f6c6173745f6c6f67696e7c733a31303a2231343338343334383233223b),
('b50aa1abc7b59e9a4534b0fdab519cc2b6050456', '::1', 1438423705, 0x5f5f63695f6c6173745f726567656e65726174657c693a313433383432333637363b6964656e746974797c733a31333a2261646d696e6973747261746f72223b757365726e616d657c733a31333a2261646d696e6973747261746f72223b656d61696c7c733a31353a2261646d696e4061646d696e2e636f6d223b757365725f69647c733a313a2231223b6f6c645f6c6173745f6c6f67696e7c733a31303a2231343338343130393338223b),
('b6b310e0ff7fa45237c70000e7213af16a53f61a', '::1', 1438450693, 0x5f5f63695f6c6173745f726567656e65726174657c693a313433383435303434363b6964656e746974797c733a31333a2261646d696e6973747261746f72223b757365726e616d657c733a31333a2261646d696e6973747261746f72223b656d61696c7c733a31353a2261646d696e4061646d696e2e636f6d223b757365725f69647c733a313a2231223b6f6c645f6c6173745f6c6f67696e7c733a31303a2231343338343334383233223b),
('c16746c67cf0792690b154e1a9edfbc4b9adb155', '::1', 1438459069, 0x5f5f63695f6c6173745f726567656e65726174657c693a313433383435393036343b6964656e746974797c733a31333a2261646d696e6973747261746f72223b757365726e616d657c733a31333a2261646d696e6973747261746f72223b656d61696c7c733a31353a2261646d696e4061646d696e2e636f6d223b757365725f69647c733a313a2231223b6f6c645f6c6173745f6c6f67696e7c733a31303a2231343338343535303337223b),
('cae2c6eca9a2328c3f041ed120cf466a644631ac', '::1', 1438101655, 0x5f5f63695f6c6173745f726567656e65726174657c693a313433383130313435353b6964656e746974797c733a31363a2243422e454e2e55344353453133313537223b757365726e616d657c733a31363a2243422e454e2e55344353453133313537223b656d61696c7c733a31393a226a736f75726176303140676d61696c2e636f6d223b757365725f69647c733a313a2232223b6f6c645f6c6173745f6c6f67696e7c733a31303a2231343338313031333538223b),
('caec5d0e4c6c7bd86d5d52e5838be936573ba254', '::1', 1438067975, 0x5f5f63695f6c6173745f726567656e65726174657c693a313433383036373937353b),
('ccf78e10b2d575dff007d69a1435927294b27ce6', '::1', 1438423064, 0x5f5f63695f6c6173745f726567656e65726174657c693a313433383432323834333b6964656e746974797c733a31333a2261646d696e6973747261746f72223b757365726e616d657c733a31333a2261646d696e6973747261746f72223b656d61696c7c733a31353a2261646d696e4061646d696e2e636f6d223b757365725f69647c733a313a2231223b6f6c645f6c6173745f6c6f67696e7c733a31303a2231343338343130393338223b6d6573736167657c733a33353a223c703e4163636f756e74205375636365737366756c6c7920437265617465643c2f703e223b5f5f63695f766172737c613a313a7b733a373a226d657373616765223b733a333a226f6c64223b7d),
('d0a2b874b8d6635987552ae780579ca1a30cb297', '::1', 1438412278, 0x5f5f63695f6c6173745f726567656e65726174657c693a313433383431323237343b6964656e746974797c733a31333a2261646d696e6973747261746f72223b757365726e616d657c733a31333a2261646d696e6973747261746f72223b656d61696c7c733a31353a2261646d696e4061646d696e2e636f6d223b757365725f69647c733a313a2231223b6f6c645f6c6173745f6c6f67696e7c733a31303a2231343338313036313330223b),
('d151782c56070dc0bec13ba9dbe04803f26bb0c3', '::1', 1438453078, 0x5f5f63695f6c6173745f726567656e65726174657c693a313433383435323939313b6964656e746974797c733a31333a2261646d696e6973747261746f72223b757365726e616d657c733a31333a2261646d696e6973747261746f72223b656d61696c7c733a31353a2261646d696e4061646d696e2e636f6d223b757365725f69647c733a313a2231223b6f6c645f6c6173745f6c6f67696e7c733a31303a2231343338343334383233223b),
('d3261457784deaac9ec3d0a518f6015c842eb446', '::1', 1438067650, 0x5f5f63695f6c6173745f726567656e65726174657c693a313433383036373635303b),
('dca53057ce32f91daae02823002ad5f1be638fe2', '::1', 1438411501, 0x5f5f63695f6c6173745f726567656e65726174657c693a313433383431313330383b6964656e746974797c733a31333a2261646d696e6973747261746f72223b757365726e616d657c733a31333a2261646d696e6973747261746f72223b656d61696c7c733a31353a2261646d696e4061646d696e2e636f6d223b757365725f69647c733a313a2231223b6f6c645f6c6173745f6c6f67696e7c733a31303a2231343338313036313330223b),
('e426f8ae22c23c0b65c7ffa8d637dcb1874269f7', '::1', 1438106162, 0x5f5f63695f6c6173745f726567656e65726174657c693a313433383130363136323b),
('e443694d8fd1b26e8bcc90c1733279ec6f758de4', '::1', 1438437025, 0x5f5f63695f6c6173745f726567656e65726174657c693a313433383433363734383b6964656e746974797c733a31333a2261646d696e6973747261746f72223b757365726e616d657c733a31333a2261646d696e6973747261746f72223b656d61696c7c733a31353a2261646d696e4061646d696e2e636f6d223b757365725f69647c733a313a2231223b6f6c645f6c6173745f6c6f67696e7c733a31303a2231343338343232383435223b6d6573736167657c733a34383a224572726f72206372656174696e67207265706f7369746f72792e436f6e746163742074686520776562206d6173746572223b5f5f63695f766172737c613a313a7b733a373a226d657373616765223b733a333a226f6c64223b7d),
('eb6ec79dc0ddaa60f5a1441976d9e29b89e6819e', '::1', 1438455038, 0x5f5f63695f6c6173745f726567656e65726174657c693a313433383435353030383b6964656e746974797c733a31333a2261646d696e6973747261746f72223b757365726e616d657c733a31333a2261646d696e6973747261746f72223b656d61696c7c733a31353a2261646d696e4061646d696e2e636f6d223b757365725f69647c733a313a2231223b6f6c645f6c6173745f6c6f67696e7c733a31303a2231343338343437363837223b);

-- --------------------------------------------------------

--
-- Table structure for table `groups`
--

CREATE TABLE IF NOT EXISTS `groups` (
  `id` mediumint(8) unsigned NOT NULL,
  `name` varchar(20) NOT NULL,
  `description` varchar(100) NOT NULL
) ENGINE=InnoDB AUTO_INCREMENT=4 DEFAULT CHARSET=utf8;

--
-- Dumping data for table `groups`
--

INSERT INTO `groups` (`id`, `name`, `description`) VALUES
(1, 'admin', 'Administrator'),
(2, 'members', 'General User'),
(3, 'Users', 'The users who will be uploading the repos');

-- --------------------------------------------------------

--
-- Table structure for table `login_attempts`
--

CREATE TABLE IF NOT EXISTS `login_attempts` (
  `id` int(11) unsigned NOT NULL,
  `ip_address` varchar(15) NOT NULL,
  `login` varchar(100) NOT NULL,
  `time` int(11) unsigned DEFAULT NULL
) ENGINE=InnoDB DEFAULT CHARSET=utf8;

-- --------------------------------------------------------

--
-- Table structure for table `users`
--

CREATE TABLE IF NOT EXISTS `users` (
  `id` int(11) unsigned NOT NULL,
  `ip_address` varchar(15) NOT NULL,
  `username` varchar(100) NOT NULL,
  `password` varchar(255) NOT NULL,
  `salt` varchar(255) DEFAULT NULL,
  `email` varchar(100) NOT NULL,
  `activation_code` varchar(40) DEFAULT NULL,
  `forgotten_password_code` varchar(40) DEFAULT NULL,
  `forgotten_password_time` int(11) unsigned DEFAULT NULL,
  `remember_code` varchar(40) DEFAULT NULL,
  `created_on` int(11) unsigned NOT NULL,
  `last_login` int(11) unsigned DEFAULT NULL,
  `active` tinyint(1) unsigned DEFAULT NULL,
  `first_name` varchar(50) DEFAULT NULL,
  `last_name` varchar(50) DEFAULT NULL,
  `company` varchar(100) DEFAULT NULL,
  `phone` varchar(20) DEFAULT NULL
) ENGINE=InnoDB AUTO_INCREMENT=13 DEFAULT CHARSET=utf8;

--
-- Dumping data for table `users`
--

INSERT INTO `users` (`id`, `ip_address`, `username`, `password`, `salt`, `email`, `activation_code`, `forgotten_password_code`, `forgotten_password_time`, `remember_code`, `created_on`, `last_login`, `active`, `first_name`, `last_name`, `company`, `phone`) VALUES
(1, '127.0.0.1', 'administrator', '$2a$07$SeBknntpZror9uyftVopmu61qg0ms8Qv1yV6FG.kQOSM.9QhmTo36', '', 'admin@admin.com', '', NULL, NULL, '2oDse7UZydzS8wJBYt7gkO', 1268889823, 1438459066, 1, 'Admin', 'istrator', 'ADMIN', '0'),
(2, '::1', 'CB.EN.U4CSE13157', '$2y$08$d30ZOIsimJKiXso4W/0rJetdecfAyOiDNHNwVrHufNIHO1xtvHBRK', NULL, 'jsourav01@gmail.com', NULL, NULL, NULL, NULL, 1438067699, 1438106097, 1, 'Sourav', 'Jaiswal', 'Amrita', '9488202360'),
(3, '::1', 'JSOURAV', '$2y$08$kjsF.ZEDLB7E7DVhv6uE1.j0qjSCixf/IAXVjKSx3RlYeKNmx39ze', NULL, 'tecknowclub@gmail.com', NULL, NULL, NULL, NULL, 1438411473, NULL, 1, 'Sourav', 'Jaiswal', '', '09488202360'),
(11, '::1', 'JSOURAV11', '$2y$08$QlfWGimUvKIGbJ0uBl.DOelih.cfsnPVInOWnzfayIyMG6lhLr/w2', NULL, 'tecknowclubdddd111@gmail.com', NULL, NULL, NULL, NULL, 1438425095, NULL, 1, 'Sourav', 'Jaiswal', '', '09488202360'),
(12, '::1', 'Sourav', '$2y$08$o8ciomeNJCSZxCvh7TqDDOkDjMvUUYROWE7zO5jinfZlZFj3iEN8G', NULL, 'jsourav011@gmail.com', NULL, NULL, NULL, NULL, 1438448015, NULL, 1, 'Sourav', 'Jaiswal', '', '09488202360');

-- --------------------------------------------------------

--
-- Table structure for table `users_groups`
--

CREATE TABLE IF NOT EXISTS `users_groups` (
  `id` int(11) unsigned NOT NULL,
  `user_id` int(11) unsigned NOT NULL,
  `group_id` mediumint(8) unsigned NOT NULL
) ENGINE=InnoDB AUTO_INCREMENT=21 DEFAULT CHARSET=utf8;

--
-- Dumping data for table `users_groups`
--

INSERT INTO `users_groups` (`id`, `user_id`, `group_id`) VALUES
(1, 1, 1),
(2, 1, 2),
(19, 2, 1),
(20, 2, 2),
(5, 3, 3),
(15, 11, 3),
(16, 12, 1);

--
-- Indexes for dumped tables
--

--
-- Indexes for table `ci_sessions`
--
ALTER TABLE `ci_sessions`
  ADD PRIMARY KEY (`id`),
  ADD KEY `ci_sessions_timestamp` (`timestamp`);

--
-- Indexes for table `groups`
--
ALTER TABLE `groups`
  ADD PRIMARY KEY (`id`);

--
-- Indexes for table `login_attempts`
--
ALTER TABLE `login_attempts`
  ADD PRIMARY KEY (`id`);

--
-- Indexes for table `users`
--
ALTER TABLE `users`
  ADD PRIMARY KEY (`id`);

--
-- Indexes for table `users_groups`
--
ALTER TABLE `users_groups`
  ADD PRIMARY KEY (`id`),
  ADD UNIQUE KEY `uc_users_groups` (`user_id`,`group_id`),
  ADD KEY `fk_users_groups_users1_idx` (`user_id`),
  ADD KEY `fk_users_groups_groups1_idx` (`group_id`);

--
-- AUTO_INCREMENT for dumped tables
--

--
-- AUTO_INCREMENT for table `groups`
--
ALTER TABLE `groups`
  MODIFY `id` mediumint(8) unsigned NOT NULL AUTO_INCREMENT,AUTO_INCREMENT=4;
--
-- AUTO_INCREMENT for table `login_attempts`
--
ALTER TABLE `login_attempts`
  MODIFY `id` int(11) unsigned NOT NULL AUTO_INCREMENT;
--
-- AUTO_INCREMENT for table `users`
--
ALTER TABLE `users`
  MODIFY `id` int(11) unsigned NOT NULL AUTO_INCREMENT,AUTO_INCREMENT=13;
--
-- AUTO_INCREMENT for table `users_groups`
--
ALTER TABLE `users_groups`
  MODIFY `id` int(11) unsigned NOT NULL AUTO_INCREMENT,AUTO_INCREMENT=21;
--
-- Constraints for dumped tables
--

--
-- Constraints for table `users_groups`
--
ALTER TABLE `users_groups`
  ADD CONSTRAINT `fk_users_groups_groups1` FOREIGN KEY (`group_id`) REFERENCES `groups` (`id`) ON DELETE CASCADE ON UPDATE NO ACTION,
  ADD CONSTRAINT `fk_users_groups_users1` FOREIGN KEY (`user_id`) REFERENCES `users` (`id`) ON DELETE CASCADE ON UPDATE NO ACTION;

/*!40101 SET CHARACTER_SET_CLIENT=@OLD_CHARACTER_SET_CLIENT */;
/*!40101 SET CHARACTER_SET_RESULTS=@OLD_CHARACTER_SET_RESULTS */;
/*!40101 SET COLLATION_CONNECTION=@OLD_COLLATION_CONNECTION */;
